-- phpMyAdmin SQL Dump
-- version 4.5.5.1
-- http://www.phpmyadmin.net
--
-- Client :  127.0.0.1
-- Généré le :  Mer 08 Juin 2016 à 12:14
-- Version du serveur :  5.7.11
-- Version de PHP :  5.6.19

SET SQL_MODE = "NO_AUTO_VALUE_ON_ZERO";
SET time_zone = "+00:00";


/*!40101 SET @OLD_CHARACTER_SET_CLIENT=@@CHARACTER_SET_CLIENT */;
/*!40101 SET @OLD_CHARACTER_SET_RESULTS=@@CHARACTER_SET_RESULTS */;
/*!40101 SET @OLD_COLLATION_CONNECTION=@@COLLATION_CONNECTION */;
/*!40101 SET NAMES utf8mb4 */;

--
-- Base de données :  `tp_note_dataviz`
--

-- --------------------------------------------------------

--
-- Structure de la table `messages`
--

CREATE TABLE `messages` (
  `emetteur` int(11) NOT NULL,
  `destinataire` int(11) NOT NULL
) ENGINE=InnoDB DEFAULT CHARSET=utf8;

--
-- Contenu de la table `messages`
--

INSERT INTO `messages` (`emetteur`, `destinataire`) VALUES
(46, 29),
(44, 49),
(56, 19),
(41, 33),
(41, 48),
(58, 30),
(33, 15),
(34, 10),
(3, 42),
(28, 12),
(33, 13),
(24, 22),
(37, 5),
(28, 10),
(21, 19),
(30, 33),
(19, 52),
(29, 46),
(30, 8),
(8, 14),
(44, 8),
(22, 27),
(12, 35),
(25, 20),
(21, 45),
(49, 49),
(41, 55),
(40, 33),
(45, 12),
(35, 24),
(17, 9),
(53, 7),
(47, 42),
(11, 43),
(8, 27),
(49, 52),
(55, 4),
(24, 52),
(14, 29),
(44, 18),
(13, 10),
(11, 22),
(19, 28),
(24, 35),
(44, 58),
(43, 38),
(5, 24),
(48, 50),
(51, 45),
(13, 45),
(12, 41),
(51, 18),
(51, 30),
(53, 2),
(20, 38),
(14, 12),
(15, 41),
(43, 34),
(42, 47),
(54, 13),
(18, 48),
(15, 42),
(51, 14),
(30, 51),
(49, 35),
(28, 35),
(30, 47),
(29, 3),
(42, 28),
(14, 43),
(57, 42),
(38, 7),
(32, 26),
(34, 31),
(52, 54),
(55, 54),
(46, 13),
(37, 32),
(49, 34),
(23, 12),
(47, 25),
(42, 18),
(21, 48),
(7, 5),
(3, 54),
(34, 8),
(48, 45),
(24, 42),
(23, 44),
(34, 41),
(41, 26),
(6, 9),
(27, 50),
(51, 49),
(35, 24),
(16, 7),
(41, 13),
(54, 5),
(30, 21),
(13, 2),
(25, 5),
(7, 20),
(18, 30),
(37, 36),
(13, 13),
(23, 18),
(21, 48),
(6, 54),
(26, 24),
(40, 13),
(57, 18),
(30, 41),
(55, 40),
(31, 35),
(23, 8),
(27, 53),
(12, 14),
(34, 12),
(30, 33),
(17, 41),
(42, 28),
(12, 32),
(10, 9),
(13, 39),
(38, 19),
(34, 56),
(6, 32),
(28, 41),
(8, 28),
(3, 44),
(40, 8),
(50, 20),
(7, 30),
(13, 30),
(54, 9),
(50, 54),
(5, 33),
(37, 24),
(10, 35),
(29, 39),
(49, 15),
(39, 36),
(5, 29),
(18, 56),
(56, 29),
(33, 19),
(53, 35),
(16, 29),
(41, 4),
(11, 40),
(53, 31),
(53, 53),
(52, 41),
(47, 56),
(25, 10),
(32, 15),
(37, 24),
(6, 14),
(51, 40),
(49, 8),
(8, 14),
(47, 18),
(4, 25),
(54, 22),
(6, 20),
(21, 48),
(2, 35),
(55, 56),
(57, 58),
(3, 14),
(2, 24),
(57, 41),
(33, 39),
(40, 23),
(51, 14),
(31, 54),
(6, 38),
(58, 1),
(3, 9),
(35, 35),
(12, 9),
(7, 9),
(21, 21),
(40, 21),
(44, 42),
(17, 17),
(34, 3),
(25, 58),
(43, 39),
(9, 39),
(56, 47),
(7, 9),
(21, 21),
(42, 32),
(31, 3),
(36, 56),
(57, 57),
(2, 6),
(23, 40),
(16, 18),
(39, 24),
(6, 11),
(37, 37),
(17, 29),
(37, 37),
(20, 41),
(34, 43),
(57, 38),
(21, 47),
(57, 30),
(33, 16),
(40, 36),
(3, 20),
(32, 44),
(8, 22),
(28, 17),
(54, 49),
(23, 24),
(51, 11),
(13, 31),
(3, 34),
(44, 5),
(8, 20),
(21, 43),
(37, 57),
(56, 50),
(27, 40),
(2, 5),
(19, 19),
(38, 18),
(32, 50),
(37, 34),
(1, 17),
(25, 14),
(50, 39),
(43, 42),
(21, 35),
(52, 43),
(56, 36),
(12, 8),
(4, 52),
(17, 43),
(50, 6),
(49, 57),
(22, 53),
(28, 36),
(37, 18),
(38, 19),
(39, 24),
(56, 39),
(24, 4),
(4, 4),
(10, 37),
(41, 34),
(46, 15),
(49, 28),
(48, 42),
(10, 35),
(29, 40),
(55, 40),
(34, 51),
(37, 30),
(38, 43),
(44, 30),
(19, 3),
(14, 3),
(29, 23),
(26, 5),
(57, 44),
(45, 36),
(46, 4),
(55, 31),
(48, 34),
(21, 4),
(14, 56),
(8, 45),
(26, 51),
(5, 42),
(25, 55),
(29, 34),
(27, 31),
(16, 44),
(1, 44),
(41, 19),
(26, 15),
(52, 43),
(3, 57),
(45, 54),
(21, 56),
(45, 54),
(22, 2),
(56, 46),
(3, 49),
(5, 50),
(3, 39),
(11, 50),
(45, 19),
(17, 25),
(17, 9),
(50, 49),
(39, 49),
(10, 15),
(47, 16),
(53, 44),
(2, 48),
(6, 58),
(40, 28),
(16, 54),
(48, 20),
(12, 56),
(13, 12),
(22, 13),
(55, 9),
(48, 42),
(8, 25),
(45, 34),
(36, 20),
(48, 9),
(15, 45),
(9, 24),
(35, 44),
(58, 40),
(28, 19),
(11, 53),
(3, 25),
(2, 46),
(54, 17),
(35, 10),
(2, 34),
(51, 36),
(28, 31),
(15, 34),
(12, 15),
(37, 25),
(15, 55),
(2, 13),
(57, 20),
(41, 31),
(29, 50);

-- --------------------------------------------------------

--
-- Structure de la table `notations`
--

CREATE TABLE `notations` (
  `noteur` int(11) NOT NULL,
  `photo` int(11) NOT NULL,
  `note` int(11) NOT NULL
) ENGINE=InnoDB DEFAULT CHARSET=utf8;

--
-- Contenu de la table `notations`
--

INSERT INTO `notations` (`noteur`, `photo`, `note`) VALUES
(1, 5, 4),
(5, 3, 2),
(8, 12, 3),
(10, 13, 2),
(20, 15, 5),
(26, 23, 4),
(14, 17, 4),
(21, 22, 1),
(29, 42, 3),
(25, 43, 4),
(27, 28, 2),
(29, 45, 3),
(27, 29, 3),
(23, 52, 4),
(54, 57, 5),
(56, 57, 2),
(23, 33, 3),
(42, 46, 5),
(52, 13, 3),
(25, 42, 2),
(41, 26, 4),
(51, 53, 5),
(3, 8, 3),
(4, 14, 5),
(22, 17, 2),
(28, 25, 4),
(26, 47, 5),
(29, 20, 4),
(20, 9, 3),
(12, 16, 4),
(29, 36, 2),
(35, 23, 2),
(50, 6, 3),
(30, 32, 3),
(21, 53, 5),
(42, 57, 5),
(11, 6, 2),
(25, 24, 3),
(12, 26, 4),
(27, 20, 2),
(29, 22, 5),
(12, 1, 3),
(42, 24, 2),
(14, 23, 5),
(27, 16, 3),
(52, 12, 4),
(6, 13, 4),
(6, 24, 3),
(13, 16, 5),
(19, 42, 3),
(21, 55, 3),
(40, 25, 4),
(11, 47, 2),
(26, 24, 3),
(47, 14, 5),
(7, 8, 4),
(4, 9, 3),
(7, 53, 5),
(15, 9, 4),
(51, 14, 5),
(56, 14, 5),
(26, 54, 3),
(12, 13, 4),
(13, 22, 3),
(28, 32, 2),
(45, 32, 3),
(23, 45, 4),
(8, 36, 4),
(51, 2, 3),
(25, 2, 4),
(42, 4, 2),
(31, 4, 4),
(8, 7, 5),
(3, 7, 2),
(4, 18, 2),
(5, 18, 3),
(23, 19, 3),
(12, 26, 4),
(10, 30, 2),
(25, 30, 2),
(36, 31, 3),
(25, 31, 4),
(52, 35, 5),
(53, 35, 5),
(54, 35, 5),
(29, 37, 4),
(45, 37, 3),
(21, 38, 4),
(23, 39, 2),
(24, 39, 3),
(52, 39, 0),
(14, 39, 1),
(16, 40, 3),
(17, 40, 2),
(19, 41, 4),
(6, 48, 3),
(37, 48, 2),
(39, 49, 4),
(43, 49, 3),
(47, 49, 3),
(1, 50, 2),
(2, 50, 4),
(6, 56, 2),
(27, 56, 3),
(24, 56, 3),
(57, 14, 5),
(9, 53, 5);

-- --------------------------------------------------------

--
-- Structure de la table `photos`
--

CREATE TABLE `photos` (
  `id` int(11) NOT NULL,
  `chemin` varchar(100) NOT NULL
) ENGINE=InnoDB DEFAULT CHARSET=utf8;

--
-- Contenu de la table `photos`
--

INSERT INTO `photos` (`id`, `chemin`) VALUES
(1, 'avatar1.png'),
(2, 'avatar7.png'),
(3, 'avatar9.jpg'),
(4, 'avatar5.jpg'),
(5, 'avatar14.png'),
(6, 'avatar6.png'),
(7, 'avatar18.jpg'),
(8, 'avatar19.jpeg'),
(9, 'avatar10.jpg'),
(10, 'default-avatar.png'),
(11, 'default-avatar.png'),
(12, 'avatar8.png'),
(13, 'avatar15.png'),
(14, 'avatar13.jpg'),
(15, 'avatar4.jpg'),
(16, 'avatar11.jpg'),
(17, 'avatar21.png'),
(18, 'avatar29.png'),
(19, 'avatar31.jpg'),
(20, 'avatar27.jpg'),
(21, 'default-avatar.png'),
(22, 'avatar12.jpg'),
(23, 'avatar25.jpg'),
(24, 'avatar10.jpg'),
(25, 'avatar23.png'),
(26, 'avatar26.jpg'),
(27, 'avatar9.jpg'),
(28, 'avatar14.png'),
(29, 'avatar11.jpg'),
(30, 'avatar22.gif'),
(31, 'avatar2.png'),
(32, 'avatar6.png'),
(33, 'avatar24.png'),
(34, 'default-avatar.png'),
(35, 'avatar13.jpg'),
(36, 'avatar5.jpg'),
(37, 'avatar27.jpg'),
(38, 'avatar30.png'),
(39, 'avatar11.jpg'),
(40, 'avatar23.png'),
(41, 'avatar34.jpg'),
(42, 'avatar32.jpg'),
(43, 'avatar33.gif'),
(44, 'default-avatar.png'),
(45, 'avatar35.png'),
(46, 'avatar36.png'),
(47, 'avatar3.jpg'),
(48, 'avatar17.jpg'),
(49, 'avatar24.png'),
(50, 'avatar2.png'),
(51, 'default-avatar.png'),
(52, 'avatar1.png'),
(53, 'avatar13.jpg'),
(54, 'avatar20.png'),
(55, 'avatar11.jpg'),
(56, 'avatar28.jpg'),
(57, 'avatar5.jpg');

-- --------------------------------------------------------

--
-- Structure de la table `relations`
--

CREATE TABLE `relations` (
  `user1` int(11) NOT NULL,
  `user2` int(11) NOT NULL,
  `date` date NOT NULL
) ENGINE=InnoDB DEFAULT CHARSET=utf8;

--
-- Contenu de la table `relations`
--

INSERT INTO `relations` (`user1`, `user2`, `date`) VALUES
(1, 3, '2016-06-02'),
(3, 1, '2016-06-02'),
(1, 4, '2016-06-03'),
(4, 1, '2016-06-03'),
(1, 5, '2016-06-03'),
(5, 1, '2016-06-03'),
(1, 15, '2016-06-08'),
(15, 1, '2016-06-08'),
(1, 25, '2016-06-16'),
(25, 1, '2016-06-16'),
(2, 4, '2016-06-02'),
(4, 2, '2016-06-02'),
(2, 7, '2016-06-05'),
(7, 2, '2016-06-05'),
(2, 9, '2016-06-07'),
(9, 2, '2016-06-07'),
(3, 9, '2016-06-08'),
(9, 3, '2016-06-08'),
(3, 10, '2016-06-10'),
(10, 3, '2016-06-10'),
(3, 28, '2016-06-15'),
(28, 3, '2016-06-15'),
(3, 38, '2016-06-18'),
(38, 3, '2016-06-18'),
(4, 12, '2016-06-07'),
(12, 4, '2016-06-07'),
(4, 13, '2016-06-07'),
(13, 4, '2016-06-07'),
(4, 21, '2016-06-12'),
(21, 4, '2016-06-12'),
(4, 26, '2016-06-15'),
(26, 4, '2016-06-15'),
(4, 45, '2016-06-19'),
(45, 4, '2016-06-19'),
(4, 52, '2016-06-20'),
(52, 4, '2016-06-20'),
(5, 22, '2016-06-13'),
(22, 5, '2016-06-13'),
(5, 24, '2016-06-14'),
(24, 5, '2016-06-14'),
(5, 27, '2016-06-15'),
(27, 5, '2016-06-15'),
(5, 29, '2016-06-15'),
(29, 5, '2016-06-15'),
(5, 36, '2016-06-17'),
(36, 5, '2016-06-17'),
(5, 40, '2016-06-18'),
(40, 5, '2016-06-18'),
(5, 50, '2016-06-20'),
(50, 5, '2016-06-20'),
(6, 11, '2016-06-06'),
(11, 6, '2016-06-06'),
(6, 20, '2016-06-12'),
(20, 6, '2016-06-12'),
(6, 22, '2016-06-13'),
(22, 6, '2016-06-13'),
(6, 23, '2016-06-14'),
(23, 6, '2016-06-14'),
(6, 30, '2016-06-15'),
(30, 6, '2016-06-15'),
(7, 1, '2016-06-04'),
(7, 25, '2016-06-14'),
(25, 7, '2016-06-14'),
(7, 31, '2016-06-16'),
(31, 7, '2016-06-16'),
(7, 32, '2016-06-17'),
(32, 7, '2016-06-17'),
(7, 39, '2016-06-18'),
(39, 7, '2016-06-18'),
(7, 43, '2016-06-19'),
(43, 7, '2016-06-19'),
(7, 45, '2016-06-20'),
(45, 7, '2016-06-20'),
(8, 14, '2016-06-08'),
(14, 8, '2016-06-08'),
(8, 15, '2016-06-08'),
(15, 8, '2016-06-08'),
(1, 8, '2016-06-05'),
(8, 1, '2016-06-05'),
(8, 51, '2016-06-20'),
(51, 8, '2016-06-20'),
(9, 11, '2016-06-06'),
(11, 9, '2016-06-06'),
(9, 18, '2016-06-10'),
(18, 9, '2016-06-10'),
(9, 22, '2016-06-13'),
(22, 9, '2016-06-13'),
(9, 26, '2016-06-15'),
(26, 9, '2016-06-15'),
(10, 12, '2016-06-07'),
(12, 10, '2016-06-07'),
(10, 53, '2016-06-20'),
(53, 10, '2016-06-20'),
(10, 54, '2016-06-20'),
(54, 10, '2016-06-20'),
(11, 19, '2016-06-11'),
(19, 11, '2016-06-11'),
(11, 21, '2016-06-12'),
(21, 11, '2016-06-12'),
(11, 32, '2016-06-16'),
(32, 11, '2016-06-16'),
(11, 33, '2016-06-16'),
(33, 11, '2016-06-16'),
(12, 26, '2016-06-15'),
(26, 12, '2016-06-15'),
(12, 28, '2016-06-20'),
(28, 12, '2016-06-20'),
(12, 35, '2016-06-17'),
(35, 12, '2016-06-17'),
(12, 42, '2016-06-18'),
(42, 12, '2016-06-18'),
(13, 15, '2016-06-08'),
(15, 13, '2016-06-08'),
(13, 18, '2016-06-10'),
(18, 13, '2016-06-10'),
(13, 23, '2016-06-13'),
(23, 13, '2016-06-13'),
(16, 34, '2016-06-17'),
(34, 16, '2016-06-17'),
(16, 37, '2016-06-19'),
(37, 16, '2016-06-19'),
(17, 37, '2016-06-18'),
(37, 17, '2016-06-18'),
(17, 41, '2016-06-18'),
(41, 17, '2016-06-18'),
(17, 44, '2016-06-19'),
(44, 17, '2016-06-19'),
(45, 46, '2016-06-20'),
(46, 45, '2016-06-20'),
(45, 47, '2016-06-20'),
(47, 45, '2016-06-20'),
(19, 24, '2016-06-14'),
(24, 19, '2016-06-14'),
(19, 27, '2016-06-15'),
(27, 19, '2016-06-15'),
(20, 29, '2016-06-15'),
(29, 20, '2016-06-15'),
(20, 30, '2016-06-15'),
(30, 20, '2016-06-15'),
(25, 31, '2016-06-17'),
(31, 25, '2016-06-17'),
(25, 33, '2016-06-17'),
(33, 25, '2016-06-17'),
(30, 33, '2016-06-17'),
(33, 30, '2016-06-17'),
(30, 34, '2016-06-17'),
(34, 30, '2016-06-17'),
(30, 35, '2016-06-17'),
(35, 30, '2016-06-17'),
(30, 36, '2016-06-17'),
(36, 30, '2016-06-17'),
(31, 38, '2016-06-18'),
(38, 31, '2016-06-18'),
(32, 39, '2016-06-18'),
(39, 32, '2016-06-18'),
(39, 40, '2016-06-19'),
(40, 39, '2016-06-19'),
(40, 41, '2016-06-19'),
(41, 40, '2016-06-19'),
(42, 46, '2016-06-19'),
(46, 42, '2016-06-19'),
(47, 48, '2016-06-19'),
(48, 47, '2016-06-19'),
(43, 48, '2016-06-20'),
(48, 43, '2016-06-20'),
(44, 49, '2016-06-20'),
(49, 44, '2016-06-20'),
(49, 50, '2016-06-20'),
(50, 49, '2016-06-20'),
(51, 55, '2016-06-20'),
(55, 51, '2016-06-20'),
(53, 56, '2016-06-20'),
(56, 53, '2016-06-20'),
(54, 57, '2016-06-20'),
(57, 54, '2016-06-20'),
(52, 55, '2016-06-20'),
(55, 52, '2016-06-20'),
(52, 57, '2016-06-20'),
(57, 52, '2016-06-20'),
(56, 57, '2016-06-20'),
(57, 56, '2016-06-20');

-- --------------------------------------------------------

--
-- Structure de la table `statuts`
--

CREATE TABLE `statuts` (
  `user` int(11) NOT NULL,
  `message` varchar(500) NOT NULL,
  `date` datetime NOT NULL
) ENGINE=InnoDB DEFAULT CHARSET=utf8;

--
-- Contenu de la table `statuts`
--

INSERT INTO `statuts` (`user`, `message`, `date`) VALUES
(1, 'Bienvenue sur le site que j\'ai crée ! bonne découverte !', '2016-06-01 08:00:00'),
(2, 'Ce site est pas terrible... y\'a personne à part le créateur. Où sont les femmes... avec leurs gestes pleins de charmes ?', '2016-06-01 16:23:13'),
(2, 'Quelle ne fut pas ma surprise ce matin au réveil... enfin des gens !', '2016-06-17 10:13:17'),
(3, 'Avec tout ces tournages j\'ai même pas eu le temps de faire des rencontres ici...', '2016-06-07 09:13:12'),
(4, 'Coucou ! je p', '2016-06-03 15:25:22'),
(4, 'Oups j\'ai envoyé le statut sans le finir... Coucou je pense qu\'il fait beau', '2016-06-03 15:27:17'),
(6, 'C\'est trop bien ici j\'ai trop d\'amis et tout !', '2016-06-04 12:29:26'),
(6, 'En fait je pas du tout la plus populaire... mon égo en prends un coup !', '2016-06-15 14:30:31'),
(8, 'Hier j\'ai vu une femme...Splendideeeee ! :D', '2016-06-09 17:40:29'),
(9, 'On verra bien ce que ca donne ici !', '2016-06-06 10:34:29'),
(9, 'Que de mensonges.... même ici on abuse de ma confiance...', '2016-06-11 13:24:16'),
(9, 'J\'ai décidé de me reprendre en main les puceaux !', '2016-06-15 10:20:17'),
(10, 'A la recherche de l\'amour... désespérément !', '2016-06-06 10:21:16'),
(12, 'Je me sens embourbé dans ma vie... comme une envie de tout quitter !', '2016-06-17 10:20:23'),
(13, 'Travaille sur sa nouvelle chanson... :)', '2016-06-08 15:39:38'),
(14, 'Vénérez moi messieurs... je saurai répondre à vos attentes ;)', '2016-06-14 17:48:44'),
(15, 'Je te montrerai ma grosse tour de pize... et je planterai ma fourchette dans tes raviolis ! :D aha', '2016-06-16 18:43:33'),
(16, 'Putain encore un examen foiré ! c\'est clairement la faute des profs ! université de merde !', '2016-06-13 15:31:28'),
(18, 'Tous ces murs vides... dans ce système de la décadence !', '2016-06-11 12:29:26'),
(20, 'Je donne des cours de danse pour ceux que ça intéresse ! go me MP.', '2016-06-14 14:36:25'),
(21, 'Tel un philosophe de la vie j\'erre dans les rues de Paris...', '2016-06-16 14:29:23'),
(21, 'J\'ai compris le sens de la vie !', '2016-06-17 09:19:17'),
(22, 'Venez geek avec moi sur Heartstone ! pour mon battle tag go me MP.', '2016-06-15 12:24:21'),
(23, 'Ca gratte omygod...', '2016-06-16 08:22:24'),
(24, 'Putain mon code marche pas ! je m’énerve !', '2016-06-16 13:33:33'),
(25, 'Rêve de partir sur un bateau...', '2016-06-17 16:28:18'),
(27, 'Partir au soleil... sur les sables chauds d’Espagne !', '2016-06-16 11:29:28'),
(27, 'Les coups de soleil... ma peau est fragile !', '2016-06-21 13:24:22'),
(28, 'Une petite soirée rave... ca me manque ! go me MP pour des plans !', '2016-06-19 14:21:17'),
(30, 'I\'m hurt right now... time to call my personnal Jesus :)', '2016-06-16 11:21:21'),
(32, 'La vie en collocation c\'est compliqué...', '2016-06-16 09:24:28'),
(33, 'Champion de boxe les mecs !', '2016-06-18 12:30:26'),
(34, 'Le yaourt au fruit comme dessert... c\'est bon pour la santé les biatchs !', '2016-06-19 10:28:29'),
(35, 'Je me suis encore fait draguer... j\'adore ça !', '2016-06-18 11:30:35'),
(38, 'Si vous êtes moche c\'est pas de ma faute !', '2016-06-18 11:23:22'),
(39, 'Une belle carrière de musicienne pour moi...', '2016-06-19 11:22:22'),
(40, 'J\'ai faim... patates et charcuterie !', '2016-06-19 15:22:31'),
(41, 'Ca glisse chez moi... j\'ai fini a l\'hosto !', '2016-06-18 15:31:23'),
(43, 'On m\'a demandé en mariage ! je suis heureuse... mais un peu jeune omygod !', '2016-06-20 14:32:17'),
(44, 'Pourquoi je me suis inscrit ici... je m\'en fous tellement.', '2016-06-20 15:23:20'),
(44, 'Mais bon faut bien remplir ce site..', '2016-06-20 13:11:18'),
(45, 'Je m\'ennuie... j\'ai envie de rire !', '2016-06-19 13:39:40'),
(46, 'Y\'a des belles rencontres à faire ici ?', '2016-06-19 16:32:29'),
(47, 'Je suis champion de boxe mondial... un peu de respect... quand je vois certains qui se la joue en étant champion de france...', '2016-06-20 13:19:26'),
(47, 'RIP. ceci est un message de sa mère, il est mort il y\'a peu...', '2016-06-20 18:43:39'),
(48, 'Je vais faire toute ma famille ici ! :D', '2016-06-19 13:23:28'),
(49, 'Merde je me suis gourré sur mon nom ! j\'ai fait une faute putain...', '2016-06-20 11:34:32'),
(49, 'Bon bah on peut pas le changer... va falloir m\'appeler comme ça maintenant !', '2016-06-20 20:48:43'),
(50, 'Y\'a beaucoup de jeunes filles ici... ca me plait ! :D', '2016-06-20 09:26:33'),
(50, 'Ah amour platonique... quand tu nous tiens...', '2016-06-20 17:38:34'),
(51, 'C\'est marrant ici ! mais les filles répondent pas trop x)', '2016-06-20 11:16:17'),
(53, 'Suivez ma page facebook pour les photos !', '2016-06-20 08:25:29'),
(53, 'Y\'a que des mecs en chiens sur ce site ou quoi ? je veux juste discuter...', '2016-06-20 11:27:34'),
(53, 'Bon bah je pense pas revenir ici... j\'ai trouvé un beau barbu tatoué et il veut apprendre à me connaitre plus en profondeur il m\'a dit ! C\'est surement l\'homme de ma vie :D', '2016-06-20 19:41:36'),
(54, 'Je met au point une technologie de pointe robotique !', '2016-06-20 12:32:33'),
(54, 'J\'ai réussi ! appelé moi l\'homme de fer !', '2016-06-21 06:11:12'),
(55, 'J\'ai l\'impression d\'être suivie la nuit...', '2016-06-20 04:21:23'),
(55, 'Commence le cheval dès demain !', '2016-06-20 16:35:34'),
(56, 'On rejoint le site avec mon frère !', '2016-06-20 09:21:28'),
(57, 'A peine arrivé j\'ai déja envie de partir...', '2016-06-20 10:27:21');

-- --------------------------------------------------------

--
-- Structure de la table `utilisateurs`
--

CREATE TABLE `utilisateurs` (
  `id` int(11) NOT NULL,
  `pseudo` varchar(50) NOT NULL,
  `password` varchar(50) NOT NULL,
  `email` varchar(50) NOT NULL,
  `photo` int(11) NOT NULL DEFAULT '1',
  `date_inscription` date NOT NULL,
  `age` int(11) NOT NULL,
  `sexe` tinyint(1) NOT NULL
) ENGINE=InnoDB DEFAULT CHARSET=utf8;

--
-- Contenu de la table `utilisateurs`
--

INSERT INTO `utilisateurs` (`id`, `pseudo`, `password`, `email`, `photo`, `date_inscription`, `age`, `sexe`) VALUES
(1, 'Arthur Arhing', 'arhingart', 'arhingart@gmail.com', 1, '2016-06-01', 21, 1),
(2, 'Jefferson Tari', 'jeftari223', 'jefitari@gmail.com', 2, '2016-06-01', 27, 1),
(3, 'Angelina Ugly', 'angeugly', 'angeugly@gmail.com', 3, '2016-06-02', 25, 0),
(4, 'Ryan Lingegosse', 'ryanlinge', 'lingeryan@gmail.com', 4, '2016-06-02', 26, 1),
(5, 'Bella Tina', 'belletina556', 'belletina556@gmail.com', 5, '2016-06-03', 18, 0),
(6, 'Olivia Deliria', 'olivdeli', 'olivia.delira@free.fr', 6, '2016-06-03', 20, 0),
(7, 'Olivier Cargloush', 'resine1euro', 'olivierdecargloush@yahoo.fr', 7, '2016-06-04', 27, 1),
(8, 'Jim Carre', 'jimcarreyes', 'jim.carre@gmail.com', 8, '2016-06-04', 25, 1),
(9, 'Célia Abba', 'celiaba', 'celiaabba@gmail.com', 9, '2016-06-05', 19, 0),
(10, 'Mikeline Semoun', 'mikelinebellegosse', 'mikelinesemoun@free.fr', 10, '2016-06-05', 23, 0),
(11, 'Fatima Mbala', 'fatibala', 'fatibala@yahoo.fr', 11, '2016-06-06', 27, 0),
(12, 'Jean Michel Vase', 'jmichmichvase', 'jeanmich.vase@gmail.com', 12, '2016-06-07', 24, 1),
(13, 'Damien Note', 'rplopnote', 'dnote@gmail.com', 13, '2016-06-07', 25, 1),
(14, 'Clara Megane', 'cmegane', 'cmegane@gmail.com', 14, '2016-06-08', 24, 0),
(15, 'Paul Garibal', 'pgaribal78', 'pgaribal@live.fr', 15, '2016-06-08', 20, 1),
(16, 'Lola Quelo', 'lquelocol', 'lola.quelo@gmail.fr', 16, '2016-06-09', 23, 0),
(17, 'Simone Anemone', 'simoneeeb', 'simone.eeb@gmail.com', 17, '2016-06-10', 20, 0),
(18, 'Serge Tantra', 'sergesoad', 'serge.soad@gmail;com', 18, '2016-06-10', 28, 1),
(19, 'Bruce Wayne', 'blackbat', 'bwayne@free.fr', 19, '2016-06-11', 22, 1),
(20, 'Lila Wayne', 'lilawdance', 'lila.wayne@hotmail.fr', 20, '2016-06-12', 24, 0),
(21, 'Theo de la Vega', 'delavega77', 'tdelavega@gmail.com', 21, '2016-06-12', 26, 1),
(22, 'Mina Uzumi', 'dingdong', 'mina.uzumi@hotmail.com', 22, '2016-06-13', 18, 0),
(23, 'Chloé Kzema', 'czema25', 'czema@yahoo.fr', 23, '2016-06-13', 24, 0),
(24, 'Pauline Soubi', 'psoubi77', 'psoubi@gmail.com', 24, '2016-06-14', 23, 0),
(25, 'Elisabeth Swayzee', 'eswayzee56', 'eswayzi@free.fr', 25, '2016-06-14', 26, 0),
(26, 'Elaine Bauda', 'elainouna', 'elainebauda@free.fr', 26, '2016-06-15', 21, 0),
(27, 'Sarah Goyave', 'sararounette', 'sgoyave@hotmail.fr', 27, '2016-06-15', 22, 0),
(28, 'Paulina Garcia', 'pgarciaplopiespagna', 'rgarcia@free.fr', 28, '2016-06-15', 28, 0),
(29, 'Aurélie Otta', 'otaota', 'aota@free.fr', 29, '2016-06-15', 18, 0),
(30, 'Jack Cash', 'jcash91', 'jcash@gmail.com', 30, '2016-06-15', 28, 1),
(31, 'Ludovik Youyou', 'ludoyouyou', 'ludo@gmail.com', 31, '2016-06-16', 26, 1),
(32, 'Hélène Hélégarcon', 'helenekifflalife', 'helene.h@free.fr', 32, '2016-06-16', 24, 0),
(33, 'Alan d\'Argenteuil', 'cdesbetisesca', 'adargenteuil@gmail.com', 33, '2016-06-16', 22, 1),
(34, 'Lisa Monello', 'lisamonnet', 'lisa.monello@gmail.com', 34, '2016-06-17', 19, 0),
(35, 'Patricia Pretty', 'pprettywoman', 'ppretty@free.fr', 35, '2016-06-17', 27, 0),
(36, 'Jean Aymar', 'jemarredetout', 'jaymar@gmail.com', 36, '2016-06-17', 20, 1),
(37, 'Jessica Rembarre', 'jrembarre', 'jrembarre@yahoo.fr', 37, '2016-06-17', 18, 0),
(38, 'Rolland Culay', 'albatord', 'rcullayeen@hotmail.fr', 38, '2016-06-18', 25, 1),
(39, 'Jessica Stagnette', 'jestagne', 'jstagnette@free.fr', 39, '2016-06-18', 22, 0),
(40, 'Lara Clayte', 'fromage77', 'lclayte@gmail.com', 40, '2016-06-18', 19, 0),
(41, 'Eva Skassaylaggle', 'eskassay', 'eskassay@gmail.com', 41, '2016-06-18', 23, 0),
(42, 'Lorie Fiss', 'lorirififi', 'lfiss@free.fr', 42, '2016-06-18', 18, 0),
(43, 'Laurie Culaire', 'lculaire', 'lculaire@hotmail.fr', 43, '2016-06-19', 23, 0),
(44, 'Samba Lekouye', 'sambalek', 'sambalekouye@gmail.com', 44, '2016-06-19', 27, 1),
(45, 'Béatrice Divert', 'bdivert88', 'bdivert@gmail.com', 45, '2016-06-19', 19, 0),
(46, 'Laura Cheval', 'petitponey77', 'lcheval@free.fr', 46, '2016-06-19', 20, 0),
(47, 'Mohamed Ellie', 'mallichamp', 'mellie@gmail.com', 47, '2016-06-19', 28, 1),
(48, 'Lisa Tran', 'cantonnaise92', 'ltran453@free.fr', 48, '2016-06-19', 20, 0),
(49, 'Vincent Sargas', 'vsargaspro', 'vsargas@yahoo.fr', 49, '2016-06-20', 25, 1),
(50, 'Gilles Bachou', 'gilloubachbach', 'gbachou@gmail.fr', 50, '2016-06-20', 28, 1),
(51, 'Thomas Vannola', 'totovano', 'tvannola@gmail.com', 51, '2016-06-20', 23, 1),
(52, 'Thierry Genolo', 'titigene', 'tgenolo@free.fr', 52, '2016-06-20', 26, 1),
(53, 'Roger Vanini', 'rvananinoli', 'rvanini@hotmail.fr', 53, '2016-06-20', 22, 1),
(54, 'Robert Juniart', 'jujuniart', 'rjuniart@gmail.com', 54, '2016-06-20', 21, 1),
(55, 'Zoé Talon', 'ztalontalon', 'ztalon@free.fr', 55, '2016-06-21', 18, 0),
(56, 'Alain Tayrieur', 'alaintay', 'alaintay@free.fr', 56, '2016-06-21', 22, 1),
(57, 'Alex Tayrieur', 'alextay', 'alextay@gmail.com', 57, '2016-06-21', 26, 1);

--
-- Index pour les tables exportées
--

--
-- Index pour la table `messages`
--
ALTER TABLE `messages`
  ADD KEY `emetteur` (`emetteur`),
  ADD KEY `destinataire` (`destinataire`);

--
-- Index pour la table `notations`
--
ALTER TABLE `notations`
  ADD KEY `noteur` (`noteur`),
  ADD KEY `photo` (`photo`);

--
-- Index pour la table `photos`
--
ALTER TABLE `photos`
  ADD PRIMARY KEY (`id`);

--
-- Index pour la table `relations`
--
ALTER TABLE `relations`
  ADD KEY `user1` (`user1`),
  ADD KEY `user2` (`user2`);

--
-- Index pour la table `statuts`
--
ALTER TABLE `statuts`
  ADD KEY `user` (`user`);

--
-- Index pour la table `utilisateurs`
--
ALTER TABLE `utilisateurs`
  ADD PRIMARY KEY (`id`),
  ADD KEY `photo` (`photo`);

--
-- AUTO_INCREMENT pour les tables exportées
--

--
-- AUTO_INCREMENT pour la table `photos`
--
ALTER TABLE `photos`
  MODIFY `id` int(11) NOT NULL AUTO_INCREMENT, AUTO_INCREMENT=58;
--
-- AUTO_INCREMENT pour la table `utilisateurs`
--
ALTER TABLE `utilisateurs`
  MODIFY `id` int(11) NOT NULL AUTO_INCREMENT, AUTO_INCREMENT=58;
/*!40101 SET CHARACTER_SET_CLIENT=@OLD_CHARACTER_SET_CLIENT */;
/*!40101 SET CHARACTER_SET_RESULTS=@OLD_CHARACTER_SET_RESULTS */;
/*!40101 SET COLLATION_CONNECTION=@OLD_COLLATION_CONNECTION */;
